"TOPICID";"GRADEID";"SUBJECTID";"TOPICNAME";"GRADESUBJECT"
711;7;1;"Number  Concepts";"classpath:/locale/math/grade7/lessons/numberconcepts/Grade7FactorLs.xml"
713;7;1;"Fraction- Addition & Subtraction";"classpath:/locale/math/grade7/lessons/fractionaddsubstract/G7AddFracWholeNumber.xml"
714;7;1;"Fraction-Multiplication & Division";"classpath:/locale/math/grade7/lessons/fractiondivision/G7fractiondivision.xml"
715;7;1;"Fraction";"classpath:/locale/math/grade7/lessons/fraction/G7Fraction.xml"
716;7;1;"Decimals";""
717;7;1;"Exponents & Roots";""
718;7;1;"Area and Volume";""
719;7;1;"Concept of Percent";""
720;7;1;"Units and Measurements";""
721;7;1;"Algebric Expression & Equation";""
722;7;1;"Mean, Median & Mode";""
723;7;1;"Probability";""
724;7;1;"Coordinate";""
725;7;1;"Angles, Triangles and Shapes";""
726;7;1;"Rates and Ratios";"test"
727;7;1;"Fraction and Decimals- Word Problems";"test"
811;8;1;"Roots";""
812;8;1;"Exponents";""
813;8;1;"Scientific Notation";""
814;8;1;"Polynomials";""
815;8;1;"Integers";""
816;8;1;"Peremeter, Area & Volumes";""
817;8;1;"Algebra";""
818;8;1;"Fraction and Decimals";""
819;8;1;"Ratios";""
820;8;1;"Angles";""